{
  "trigger_zone": {
    "x1_offset": 0.31333333333333335,
    "y1_offset": -0.23555555555555555,
    "x2_offset": 0.705,
    "y2_offset": 0.47333333333333333,
    "is_relative": true
  },
  "cooldown": 0.1
}
